keyword_loss,keyword_f1_micro,keyword_f1_macro,keyword_precision_micro,keyword_recall_micro,keyword_hamming_accuracy,keyword_jaccard_samples
1.1314254999160767,0.19226587979499923,0.1973600981887085,0.1136614028644877,0.6233635448136958,0.8048844537815126,0.11154237853403248
1.0686365401043612,0.18720304086157744,0.184192201046927,0.11017897091722595,0.6221052631578947,0.8074729891956782,0.1115071705126027
1.104498557308141,0.1790345258553351,0.18830320621500218,0.10556374355195283,0.5889003083247688,0.802858643457383,0.10459836443832982
1.0382303341346628,0.18432333129210043,0.18334727766591408,0.10723192019950124,0.6557734204793029,0.8001200480192077,0.10443084532155
1.0460981454919367,0.18047773518136243,0.19066522074739112,0.10481246788833705,0.6489925768822906,0.7914915966386554,0.10343569906249177