genre_loss,genre_f1_micro,genre_f1_macro,genre_precision_micro,genre_recall_micro,genre_hamming_accuracy,genre_jaccard_samples
0.760987,0.625835,0.588622,0.507262,0.816752,0.836571,0.489652
0.864157,0.624696,0.570444,0.510881,0.803758,0.835432,0.48596
0.738585,0.642466,0.602332,0.524067,0.829979,0.846531,0.505542
0.746272,0.635753,0.581004,0.515272,0.829769,0.841667,0.497407
0.781747,0.631197,0.579187,0.516442,0.811521,0.840527,0.491332