loss,genre_f1_score,genre_f1_micro,genre_f1_macro,genre_precision_micro,genre_recall_micro,genre_hamming_loss,genre_hamming_accuracy,genre_jaccard_samples,keyword_f1_score,keyword_f1_micro,keyword_f1_macro,keyword_precision_micro,keyword_recall_micro,keyword_hamming_loss,keyword_hamming_accuracy,keyword_jaccard_samples,fold,best_epoch
1.8848946813274832,0.6173123853270911,0.6265190386173373,0.5801130433633455,0.5052264808362369,0.8244491826581379,0.16948529411764707,0.830514705882353,0.4794496965452848,0.20348009883841245,0.20551821719136895,0.20563091655284305,0.12465136236859044,0.5850956696878147,0.1685174069627851,0.831482593037215,0.12209813821919141,1,10
1.771912363522193,0.6096018768812886,0.6139088729016786,0.5631431228418836,0.4842370744010088,0.8384279475982532,0.1775735294117647,0.8224264705882353,0.47075163398692815,0.212165199443468,0.208265064627708,0.20163564202324702,0.12590799031476999,0.6021052631578947,0.16315276110444177,0.8368472388955582,0.12989596292358765,2,10
1.8635412612382103,0.6160765806905514,0.624427069290914,0.5806341406694846,0.4950833689610945,0.8452554744525548,0.1707107843137255,0.8292892156862746,0.4790550595238095,0.2066975961078737,0.20402139826600257,0.2124084407930406,0.12432553956834533,0.5683453237410072,0.16187725090036015,0.8381227490996399,0.12643881748417865,3,10
1.8263768781633938,0.6224862249678427,0.6287262872628726,0.5807638270528938,0.5050065302568568,0.832735104091888,0.16789215686274508,0.8321078431372549,0.4878202322595705,0.20197058201036303,0.20340866987773248,0.204962622862667,0.12254464285714285,0.5980392156862745,0.16131452581032413,0.8386854741896759,0.12160854353455029,4,10
1.7884149621514713,0.6189711126292008,0.6272450953302017,0.571293657478802,0.5013250883392226,0.8376383763837638,0.1653186274509804,0.8346813725490196,0.48098460975299206,0.2098014294799375,0.21184022824536378,0.21579014656772666,0.12733118971061094,0.6299045599151644,0.16581632653061223,0.8341836734693877,0.1268126062770851,5,10